Price,Close,High,Low,Open,Volume
Ticker,IONQ,IONQ,IONQ,IONQ,IONQ
2024-01-02,12.15999984741211,12.59000015258789,12.100000381469727,12.350000381469727,5951100
2024-01-03,11.930000305175781,12.09000015258789,11.770000457763672,11.8100004196167,6225700
2024-01-04,12.279999732971191,12.609999656677246,11.850000381469727,12.0600004196167,7264400
2024-01-05,12.0,12.380000114440918,11.949999809265137,12.09000015258789,6103600
2024-01-08,12.640000343322754,12.729999542236328,12.024999618530273,12.119999885559082,6044300
2024-01-09,12.449999809265137,12.640000343322754,12.170000076293945,12.420000076293945,4920900
2024-01-10,12.09000015258789,12.489999771118164,11.609999656677246,12.460000038146973,7384800
2024-01-11,11.5600004196167,12.270000457763672,11.359999656677246,12.069999694824219,7131300
2024-01-12,11.399999618530273,11.96500015258789,11.369999885559082,11.739999771118164,4476900
2024-01-16,10.970000267028809,11.270000457763672,10.869999885559082,11.199999809265137,5654500
2024-01-17,10.850000381469727,10.890000343322754,10.460000038146973,10.699999809265137,4866400
2024-01-18,10.720000267028809,11.399999618530273,10.470000267028809,11.390000343322754,6329300
2024-01-19,10.850000381469727,10.859999656677246,10.319999694824219,10.84000015258789,5365700
2024-01-22,11.720000267028809,11.864999771118164,11.149999618530273,11.180000305175781,7254900
2024-01-23,11.75,12.119999885559082,11.541999816894531,12.100000381469727,5291400
2024-01-24,11.069999694824219,12.100000381469727,11.0600004196167,12.050000190734863,5092400
2024-01-25,11.279999732971191,11.989999771118164,11.15999984741211,11.449999809265137,7254600
2024-01-26,11.010000228881836,11.569999694824219,10.954999923706055,11.380000114440918,4796100
2024-01-29,11.210000038146973,11.220000267028809,10.75,10.890000343322754,4820100
2024-01-30,10.6899995803833,11.119999885559082,10.550000190734863,11.0600004196167,5563700
2024-01-31,10.270000457763672,10.9350004196167,10.270000457763672,10.619999885559082,7529500
2024-02-01,10.239999771118164,10.479999542236328,9.9350004196167,10.470000267028809,7506000
2024-02-02,10.270000457763672,10.338000297546387,9.890000343322754,10.020000457763672,5139700
2024-02-05,9.869999885559082,10.15999984741211,9.600000381469727,10.119999885559082,5647800
2024-02-06,10.4399995803833,10.460000038146973,9.789999961853027,9.899999618530273,5669500
2024-02-07,10.40999984741211,10.5,10.15999984741211,10.369999885559082,4608700
2024-02-08,10.899999618530273,10.989999771118164,10.380000114440918,10.449999809265137,5687700
2024-02-09,11.15999984741211,11.25,10.760000228881836,11.229999542236328,5637300
2024-02-12,11.619999885559082,12.024999618530273,11.0600004196167,11.130000114440918,7744300
2024-02-13,10.539999961853027,10.899999618530273,10.449999809265137,10.729999542236328,7615500
2024-02-14,10.930000305175781,10.979999542236328,10.5,10.9399995803833,5604400
2024-02-15,11.010000228881836,11.279999732971191,10.770000457763672,11.170000076293945,5129300
2024-02-16,10.819999694824219,11.260000228881836,10.699999809265137,11.260000228881836,5774500
2024-02-20,10.619999885559082,11.010000228881836,10.350000381469727,10.869999885559082,5079700
2024-02-21,10.630000114440918,10.710000038146973,10.350000381469727,10.420000076293945,4071900
2024-02-22,10.989999771118164,11.164999961853027,10.760000228881836,10.90999984741211,5899600
2024-02-23,10.649999618530273,11.119999885559082,10.529999732971191,11.109999656677246,4680200
2024-02-26,11.239999771118164,11.300000190734863,10.770000457763672,10.819999694824219,6379300
2024-02-27,11.569999694824219,11.675999641418457,11.239999771118164,11.430000305175781,7447000
2024-02-28,11.260000228881836,11.628999710083008,11.15999984741211,11.300000190734863,12725100
2024-02-29,10.359999656677246,11.720000267028809,10.199999809265137,11.710000038146973,26317500
2024-03-01,10.65999984741211,10.859999656677246,10.170000076293945,10.3100004196167,10199100
2024-03-04,10.09000015258789,10.65999984741211,9.850000381469727,10.489999771118164,10708600
2024-03-05,9.369999885559082,10.0,9.151000022888184,9.930000305175781,13959100
2024-03-06,9.920000076293945,10.154999732971191,9.3100004196167,9.890000343322754,9924300
2024-03-07,10.899999618530273,11.319999694824219,10.175000190734863,10.399999618530273,12945000
2024-03-08,10.8100004196167,12.319999694824219,10.800000190734863,11.15999984741211,17133600
2024-03-11,9.789999961853027,10.770000457763672,9.699999809265137,10.770000457763672,11908300
2024-03-12,9.869999885559082,10.25,9.609999656677246,10.010000228881836,8330300
2024-03-13,9.630000114440918,10.0649995803833,9.600000381469727,9.770000457763672,7588000
2024-03-14,9.199999809265137,9.699999809265137,9.109999656677246,9.680000305175781,7697100
2024-03-15,9.3100004196167,9.380000114440918,9.069999694824219,9.15999984741211,6442900
2024-03-18,9.539999961853027,9.675000190734863,9.069999694824219,9.390000343322754,5450600
2024-03-19,9.239999771118164,9.479999542236328,9.0600004196167,9.210000038146973,6808900
2024-03-20,9.579999923706055,9.59000015258789,9.09000015258789,9.170000076293945,5210900
2024-03-21,9.420000076293945,9.789999961853027,9.329999923706055,9.739999771118164,4876200
2024-03-22,9.390000343322754,9.550000190734863,9.26200008392334,9.380000114440918,3168800
2024-03-25,9.550000190734863,9.699999809265137,9.329999923706055,9.350000381469727,3969800
2024-03-26,9.109999656677246,9.6899995803833,9.100000381469727,9.614999771118164,5806300
2024-03-27,9.550000190734863,9.5600004196167,9.145000457763672,9.229999542236328,4185900
2024-03-28,9.989999771118164,10.010000228881836,9.40999984741211,9.489999771118164,5696600
2024-04-01,9.989999771118164,10.09000015258789,9.65999984741211,9.979999542236328,4462300
2024-04-02,9.359999656677246,9.725000381469727,9.260000228881836,9.630000114440918,5192300
2024-04-03,9.319999694824219,9.539999961853027,9.279999732971191,9.319999694824219,4364100
2024-04-04,9.119999885559082,9.720000267028809,9.09000015258789,9.470000267028809,5102000
2024-04-05,9.210000038146973,9.369999885559082,9.027999877929688,9.220000267028809,4363100
2024-04-08,8.369999885559082,9.359999656677246,8.319999694824219,9.270000457763672,12103400
2024-04-09,8.399999618530273,8.609999656677246,8.170000076293945,8.279999732971191,5140200
2024-04-10,8.0,8.25,7.940000057220459,8.0,6775300
2024-04-11,8.239999771118164,8.380000114440918,7.960999965667725,8.020000457763672,4254500
2024-04-12,8.029999732971191,8.222000122070312,7.929999828338623,8.079999923706055,3625900
2024-04-15,7.53000020980835,8.020999908447266,7.449999809265137,8.010000228881836,6593600
2024-04-16,7.519999980926514,7.71999979019165,7.260000228881836,7.323999881744385,5415200
2024-04-17,7.28000020980835,7.789999961853027,7.264999866485596,7.550000190734863,4039000
2024-04-18,7.369999885559082,7.590000152587891,7.139999866485596,7.28000020980835,4138700
2024-04-19,7.090000152587891,7.340000152587891,6.980000019073486,7.210000038146973,4877800
2024-04-22,7.489999771118164,7.614999771118164,7.119999885559082,7.179999828338623,6174900
2024-04-23,7.96999979019165,8.210000038146973,7.53000020980835,7.550000190734863,6747600
2024-04-24,8.199999809265137,8.369999885559082,8.010000228881836,8.15999984741211,5987300
2024-04-25,8.180000305175781,8.229999542236328,7.840000152587891,7.889999866485596,3453500
2024-04-26,8.970000267028809,8.970000267028809,8.154999732971191,8.220000267028809,6782500
2024-04-29,8.920000076293945,9.149999618530273,8.819999694824219,8.960000038146973,5880000
2024-04-30,8.550000190734863,8.798999786376953,8.520000457763672,8.729999542236328,3785200
2024-05-01,8.75,9.21500015258789,8.449999809265137,8.489999771118164,3702000
2024-05-02,9.0,9.140000343322754,8.65999984741211,9.09000015258789,4342700
2024-05-03,8.9399995803833,9.3100004196167,8.90999984741211,9.25,3924300
2024-05-06,9.279999732971191,9.329999923706055,9.140000343322754,9.170000076293945,7959600
2024-05-07,8.630000114440918,9.189000129699707,8.619999885559082,9.15999984741211,6884400
2024-05-08,8.779999732971191,8.795000076293945,8.479999542236328,8.600000381469727,4531500
2024-05-09,9.199999809265137,9.470000267028809,8.630000114440918,9.050000190734863,6360700
2024-05-10,8.710000038146973,9.3100004196167,8.609999656677246,9.210000038146973,3888600
2024-05-13,8.770000457763672,9.234999656677246,8.670000076293945,8.789999961853027,4937600
2024-05-14,9.220000267028809,9.414999961853027,8.960000038146973,8.960000038146973,6765400
2024-05-15,9.0,9.5600004196167,8.880000114440918,9.460000038146973,4588600
2024-05-16,8.710000038146973,9.020000457763672,8.699999809265137,8.970000267028809,3187000
2024-05-17,8.779999732971191,8.90999984741211,8.649999618530273,8.8100004196167,2834700
2024-05-20,8.880000114440918,9.005000114440918,8.722999572753906,8.8100004196167,3894800
2024-05-21,8.479999542236328,8.859000205993652,8.359999656677246,8.84000015258789,4747000
2024-05-22,8.600000381469727,8.854999542236328,8.460000038146973,8.489999771118164,3189600
2024-05-23,8.319999694824219,8.739999771118164,8.270000457763672,8.6899995803833,3948400
2024-05-24,8.430000305175781,8.555999755859375,8.369999885559082,8.4399995803833,2592500
2024-05-28,8.279999732971191,8.479999542236328,8.180000305175781,8.420000076293945,3529900
2024-05-29,8.140000343322754,8.21500015258789,8.03499984741211,8.100000381469727,3103200
2024-05-30,8.399999618530273,8.470000267028809,8.170000076293945,8.25,3281900
2024-05-31,8.149999618530273,8.619999885559082,8.09000015258789,8.510000228881836,3052900
2024-06-03,7.78000020980835,8.319999694824219,7.769999980926514,8.289999961853027,4488800
2024-06-04,7.710000038146973,7.909999847412109,7.670000076293945,7.78000020980835,3448000
2024-06-05,7.929999828338623,7.96999979019165,7.699999809265137,7.880000114440918,3083100
2024-06-06,7.829999923706055,7.869999885559082,7.699999809265137,7.860000133514404,2526400
2024-06-07,7.860000133514404,8.119999885559082,7.670000076293945,7.710000038146973,3649300
2024-06-10,8.220000267028809,8.305000305175781,7.739999771118164,7.800000190734863,3626200
2024-06-11,7.869999885559082,8.130000114440918,7.809999942779541,8.079999923706055,3125400
2024-06-12,7.949999809265137,8.369999885559082,7.929999828338623,8.15999984741211,4556300
2024-06-13,7.710000038146973,8.130000114440918,7.590000152587891,8.0,4324500
2024-06-14,7.699999809265137,7.764999866485596,7.556000232696533,7.590000152587891,2994100
2024-06-17,7.559999942779541,7.639999866485596,7.295000076293945,7.610000133514404,5442800
2024-06-18,7.210000038146973,7.409999847412109,7.184000015258789,7.329999923706055,4767600
2024-06-20,6.800000190734863,7.114999771118164,6.769999980926514,7.099999904632568,7648000
2024-06-21,6.760000228881836,6.809999942779541,6.329999923706055,6.739999771118164,8500600
2024-06-24,6.760000228881836,7.090000152587891,6.659999847412109,6.840000152587891,4598500
2024-06-25,6.590000152587891,6.840000152587891,6.579999923706055,6.829999923706055,3519300
2024-06-26,6.730000019073486,6.764999866485596,6.53000020980835,6.630000114440918,4537400
2024-06-27,7.099999904632568,7.150000095367432,6.659999847412109,6.800000190734863,4772300
2024-06-28,7.03000020980835,7.190000057220459,6.840000152587891,7.179999828338623,13443600
2024-07-01,6.840000152587891,7.119999885559082,6.789999961853027,7.070000171661377,3906100
2024-07-02,7.139999866485596,7.179999828338623,6.840000152587891,6.840000152587891,3466700
2024-07-03,7.170000076293945,7.315000057220459,7.065000057220459,7.139999866485596,2206100
2024-07-05,7.409999847412109,7.609000205993652,7.0929999351501465,7.199999809265137,4368000
2024-07-08,7.670000076293945,7.800000190734863,7.494999885559082,7.519999980926514,5026500
2024-07-09,7.929999828338623,7.945000171661377,7.449999809265137,7.690000057220459,4133400
2024-07-10,8.449999809265137,8.460000038146973,7.760000228881836,7.929999828338623,6353800
2024-07-11,8.020000457763672,8.770000457763672,7.78000020980835,8.404999732971191,9838400
2024-07-12,8.449999809265137,8.449999809265137,8.0,8.170000076293945,5800900
2024-07-15,8.949999809265137,9.03499984741211,8.454999923706055,8.529999732971191,6298300
2024-07-16,9.029999732971191,9.050000190734863,8.630000114440918,9.0,5359700
2024-07-17,8.5600004196167,8.90999984741211,8.359999656677246,8.680000305175781,4774400
2024-07-18,8.210000038146973,8.84000015258789,8.079999923706055,8.630000114440918,4660900
2024-07-19,7.429999828338623,8.071000099182129,7.369999885559082,8.069999694824219,6323800
2024-07-22,8.079999923706055,8.079999923706055,7.545000076293945,7.679999828338623,4471300
2024-07-23,8.300000190734863,8.375,7.909999847412109,7.96999979019165,3943200
2024-07-24,7.619999885559082,8.359999656677246,7.619999885559082,8.140000343322754,4827500
2024-07-25,7.929999828338623,8.154999732971191,7.480000019073486,7.570000171661377,4338900
2024-07-26,8.210000038146973,8.270000457763672,7.820000171661377,8.119999885559082,4307800
2024-07-29,7.889999866485596,8.4399995803833,7.800000190734863,8.34000015258789,3420300
2024-07-30,7.800000190734863,8.0,7.610000133514404,7.940000057220459,3040900
2024-07-31,8.149999618530273,8.46500015258789,7.920000076293945,7.980000019073486,4221400
2024-08-01,7.519999980926514,8.100000381469727,7.380000114440918,8.029999732971191,4867100
2024-08-02,7.079999923706055,7.264999866485596,6.945000171661377,7.010000228881836,5137400
2024-08-05,6.570000171661377,6.929999828338623,6.21999979019165,6.269999980926514,7189400
2024-08-06,7.210000038146973,7.349999904632568,6.585000038146973,6.840000152587891,6742100
2024-08-07,6.800000190734863,7.369999885559082,6.78000020980835,7.340000152587891,6279100
2024-08-08,7.110000133514404,7.28000020980835,6.894999980926514,7.239999771118164,6603600
2024-08-09,7.119999885559082,7.519999980926514,6.940000057220459,7.199999809265137,4208100
2024-08-12,6.71999979019165,7.210000038146973,6.679999828338623,7.130000114440918,4990200
2024-08-13,7.28000020980835,7.320000171661377,6.775000095367432,6.849999904632568,4266400
2024-08-14,7.309999942779541,7.440000057220459,7.059999942779541,7.380000114440918,3273800
2024-08-15,7.420000076293945,7.659999847412109,7.389999866485596,7.429999828338623,3579600
2024-08-16,7.28000020980835,7.53000020980835,7.239999771118164,7.360000133514404,2604200
2024-08-19,7.289999961853027,7.329999923706055,7.130000114440918,7.320000171661377,2608100
2024-08-20,7.210000038146973,7.364999771118164,7.080999851226807,7.269999980926514,2536500
2024-08-21,7.769999980926514,7.789999961853027,7.25,7.300000190734863,4247300
2024-08-22,7.309999942779541,7.752999782562256,7.300000190734863,7.699999809265137,3946800
2024-08-23,7.380000114440918,7.679999828338623,7.34499979019165,7.369999885559082,4239900
2024-08-26,7.510000228881836,7.650000095367432,7.389999866485596,7.5,3604500
2024-08-27,7.28000020980835,7.46999979019165,7.099999904632568,7.409999847412109,3729100
2024-08-28,7.010000228881836,7.349999904632568,6.909999847412109,7.260000228881836,3713900
2024-08-29,7.320000171661377,7.539999961853027,7.179999828338623,7.230000019073486,3114600
2024-08-30,7.420000076293945,7.539999961853027,7.329999923706055,7.440000057220459,2892200
2024-09-03,6.960000038146973,7.364999771118164,6.940000057220459,7.300000190734863,4483800
2024-09-04,7.010000228881836,7.139999866485596,6.78000020980835,6.889999866485596,3324600
2024-09-05,7.039999961853027,7.239999771118164,6.980000019073486,7.03000020980835,2062300
2024-09-06,6.800000190734863,7.110000133514404,6.710000038146973,7.059999942779541,3790000
2024-09-09,6.619999885559082,7.0,6.550000190734863,6.949999809265137,4046600
2024-09-10,6.900000095367432,6.96999979019165,6.539999961853027,6.699999809265137,3811300
2024-09-11,7.230000019073486,7.309999942779541,6.800000190734863,6.869999885559082,4276200
2024-09-12,7.380000114440918,7.429999828338623,7.091000080108643,7.210000038146973,4543300
2024-09-13,7.760000228881836,7.829999923706055,7.400000095367432,7.400000095367432,4402200
2024-09-16,7.820000171661377,7.860000133514404,7.400000095367432,7.699999809265137,4029800
2024-09-17,8.119999885559082,8.25,7.869999885559082,7.920000076293945,4870500
2024-09-18,7.829999923706055,8.270000457763672,7.763999938964844,8.079999923706055,5114900
2024-09-19,7.71999979019165,8.178999900817871,7.639999866485596,8.130000114440918,4509100
2024-09-20,8.220000267028809,8.25,7.739999771118164,7.789999961853027,6914800
2024-09-23,8.010000228881836,8.519000053405762,7.980000019073486,8.229999542236328,5432400
2024-09-24,8.119999885559082,8.270000457763672,7.78000020980835,8.079999923706055,4222800
2024-09-25,7.590000152587891,8.09000015258789,7.500999927520752,8.079999923706055,5402000
2024-09-26,8.0600004196167,8.09000015258789,7.585000038146973,7.789999961853027,4472700
2024-09-27,9.710000038146973,10.0,8.579999923706055,8.899999618530273,45245500
2024-09-30,8.739999771118164,10.109999656677246,8.579999923706055,9.760000228881836,19954400
2024-10-01,8.170000076293945,8.970000267028809,8.039999961853027,8.890000343322754,12275500
2024-10-02,9.199999809265137,9.300000190734863,7.989999771118164,8.09000015258789,13016500
2024-10-03,9.25,9.359999656677246,8.789999961853027,9.020000457763672,8820100
2024-10-04,9.3100004196167,9.5,9.140000343322754,9.399999618530273,7485300
2024-10-07,9.069999694824219,9.609999656677246,8.854999542236328,9.489999771118164,8757000
2024-10-08,9.550000190734863,9.664999961853027,8.970000267028809,9.020000457763672,8995000
2024-10-09,9.539999961853027,9.739999771118164,9.270000457763672,9.59000015258789,6781800
2024-10-10,9.8100004196167,9.84000015258789,9.098999977111816,9.3100004196167,9533300
2024-10-11,10.65999984741211,10.720000267028809,9.619999885559082,9.65999984741211,11705900
2024-10-14,10.84000015258789,11.0,10.329999923706055,10.699999809265137,10807600
2024-10-15,10.489999771118164,11.3100004196167,10.359999656677246,10.710000038146973,12716400
2024-10-16,12.300000190734863,12.345000267028809,10.699999809265137,10.739999771118164,17236200
2024-10-17,12.5,12.670000076293945,11.619999885559082,11.789999961853027,13790400
2024-10-18,13.300000190734863,13.795000076293945,12.5600004196167,12.5600004196167,21236800
2024-10-21,14.760000228881836,15.229999542236328,12.989999771118164,13.220000267028809,29875000
2024-10-22,15.010000228881836,15.289999961853027,13.890000343322754,14.890000343322754,21299200
2024-10-23,14.739999771118164,16.1299991607666,14.069999694824219,14.619999885559082,29995900
2024-10-24,15.710000038146973,16.139999389648438,14.579999923706055,15.289999961853027,22086500
2024-10-25,16.959999084472656,17.049999237060547,15.710000038146973,15.800000190734863,25259600
2024-10-28,17.809999465942383,18.200000762939453,16.549999237060547,17.520000457763672,31529500
2024-10-29,16.739999771118164,17.799999237060547,15.729999542236328,17.5,32312900
2024-10-30,16.8700008392334,17.545000076293945,15.760000228881836,15.760000228881836,23685200
2024-10-31,15.029999732971191,16.975000381469727,14.755000114440918,16.709999084472656,22506900
2024-11-01,14.850000381469727,15.505000114440918,14.53499984741211,15.270000457763672,15847000
2024-11-04,14.369999885559082,15.109999656677246,14.149999618530273,14.899999618530273,12424200
2024-11-05,15.350000381469727,15.550000190734863,14.630000114440918,14.789999961853027,12942800
2024-11-06,16.450000762939453,16.829999923706055,15.850000381469727,16.729999542236328,20834500
2024-11-07,22.110000610351562,22.6200008392334,16.290000915527344,16.43000030517578,70733400
2024-11-08,24.790000915527344,25.68000030517578,21.309999465942383,21.690000534057617,64845200
2024-11-11,23.520000457763672,24.489999771118164,21.299999237060547,24.389999389648438,35693700
2024-11-12,23.010000228881836,25.440000534057617,22.0,22.0,28019200
2024-11-13,26.760000228881836,27.649999618530273,23.670000076293945,23.8799991607666,41306100
2024-11-14,26.15999984741211,28.049999237060547,24.8700008392334,27.899999618530273,35122500
2024-11-15,29.139999389648438,29.479999542236328,25.030000686645508,26.290000915527344,37576000
2024-11-18,25.229999542236328,28.469999313354492,22.270000457763672,28.149999618530273,54116400
2024-11-19,27.889999389648438,28.299999237060547,24.8700008392334,25.200000762939453,30086600
2024-11-20,28.860000610351562,30.5,27.42799949645996,27.90999984741211,28874800
2024-11-21,32.779998779296875,33.80099868774414,28.479999542236328,28.799999237060547,43881800
2024-11-22,31.799999237060547,33.06999969482422,30.299999237060547,32.4900016784668,28146300
2024-11-25,30.8799991607666,35.2400016784668,30.461000442504883,33.93000030517578,31379300
2024-11-26,30.649999618530273,32.86000061035156,29.700000762939453,30.5,22521800
2024-11-27,32.209999084472656,32.369998931884766,28.31999969482422,31.100000381469727,24277900
2024-11-29,36.5,37.279998779296875,31.959999084472656,32.209999084472656,23227400
2024-12-02,32.060001373291016,37.0,31.770000457763672,36.540000915527344,28440400
2024-12-03,32.790000915527344,33.68000030517578,30.81999969482422,31.799999237060547,20329100
2024-12-04,33.41999816894531,34.95000076293945,31.170000076293945,32.68000030517578,17219600
2024-12-05,35.95000076293945,37.63999938964844,32.650001525878906,33.95000076293945,28954000
2024-12-06,37.970001220703125,38.44900131225586,34.900001525878906,36.310001373291016,19783600
2024-12-09,34.2400016784668,38.25,34.15999984741211,38.0,22414900
2024-12-10,32.970001220703125,36.75,32.625,33.0,25017800
2024-12-11,29.829999923706055,32.9900016784668,28.040000915527344,32.9900016784668,36443900
2024-12-12,29.989999771118164,32.779998779296875,28.940000534057617,29.360000610351562,21879500
2024-12-13,33.83000183105469,34.03499984741211,29.520000457763672,30.229999542236328,24677300
2024-12-16,41.810001373291016,42.810001373291016,32.38999938964844,32.470001220703125,42539400
2024-12-17,43.84000015258789,43.939998626708984,39.25,41.63999938964844,31560500
2024-12-18,37.5,44.9900016784668,37.0,41.650001525878906,37488600
2024-12-19,37.7599983215332,42.400001525878906,36.540000915527344,40.709999084472656,27705800
2024-12-20,44.41999816894531,47.40999984741211,36.70000076293945,36.959999084472656,47711400
2024-12-23,41.31999969482422,45.5,41.29999923706055,45.33000183105469,27057200
2024-12-24,44.58000183105469,45.400001525878906,39.84000015258789,41.9900016784668,18418400
2024-12-26,48.2400016784668,48.560001373291016,42.560001373291016,44.5,24726600
2024-12-27,45.47999954223633,48.25,44.5,46.869998931884766,22491400
2024-12-30,44.290000915527344,45.790000915527344,41.5099983215332,44.599998474121094,17610900
2024-12-31,41.77000045776367,45.13999938964844,40.900001525878906,44.52000045776367,15311400
2025-01-02,43.099998474121094,43.790000915527344,38.459999084472656,41.279998779296875,22986200
2025-01-03,47.77000045776367,47.909000396728516,43.0,43.099998474121094,28235500
2025-01-06,51.06999969482422,51.65999984741211,47.13399887084961,48.29999923706055,23299900
2025-01-07,49.59000015258789,54.7400016784668,48.72999954223633,51.279998779296875,27090300
2025-01-08,30.25,39.0,25.923999786376953,38.75,128343800
2025-01-10,32.33000183105469,33.97999954223633,28.510000228881836,31.989999771118164,69769800
2025-01-13,27.860000610351562,32.83000183105469,27.163000106811523,29.549999237060547,52751700
2025-01-14,29.510000228881836,30.200000762939453,26.625,28.200000762939453,43673200
2025-01-15,39.38999938964844,40.5,32.40999984741211,32.779998779296875,74872100
2025-01-16,41.54999923706055,42.0,36.130001068115234,36.86000061035156,46324600
2025-01-17,38.88999938964844,42.349998474121094,38.77000045776367,40.029998779296875,30697700
2025-01-21,45.310001373291016,45.560001373291016,38.79999923706055,39.189998626708984,35231900
2025-01-22,42.040000915527344,45.349998474121094,40.939998626708984,45.2400016784668,26440200
2025-01-23,41.349998474121094,43.939998626708984,40.33000183105469,41.439998626708984,17140800
2025-01-24,40.7599983215332,44.22999954223633,40.5099983215332,41.689998626708984,19665900
2025-01-27,38.540000915527344,42.119998931884766,37.0,38.02000045776367,21461100
2025-01-28,38.86000061035156,40.36000061035156,35.75,40.0099983215332,15725200
2025-01-29,39.540000915527344,40.599998474121094,38.38999938964844,39.2599983215332,13098600
2025-01-30,38.810001373291016,41.67900085449219,38.23099899291992,40.45000076293945,12505500
2025-01-31,39.4900016784668,42.97999954223633,38.79999923706055,38.959999084472656,20046600
2025-02-03,41.470001220703125,42.37699890136719,37.209999084472656,37.400001525878906,16578800
2025-02-04,41.86000061035156,44.59000015258789,41.43000030517578,41.88999938964844,16434500
2025-02-05,42.31999969482422,43.59000015258789,39.650001525878906,42.27000045776367,13473000
2025-02-06,41.27000045776367,44.34000015258789,40.650001525878906,42.66999816894531,10405900
2025-02-07,40.56999969482422,43.970001220703125,40.04999923706055,41.65999984741211,15951700
2025-02-10,41.06999969482422,42.849998474121094,39.18000030517578,39.4900016784668,13666900
2025-02-11,37.70000076293945,42.4900016784668,37.54999923706055,41.79999923706055,15568800
2025-02-12,38.0,39.33000183105469,37.5099983215332,38.0,11894500
2025-02-13,38.650001525878906,38.849998474121094,36.52000045776367,38.58000183105469,14220200
2025-02-14,37.459999084472656,38.58000183105469,37.040000915527344,38.400001525878906,8178200
2025-02-18,33.939998626708984,36.31999969482422,32.81999969482422,36.0,20116100
2025-02-19,34.13999938964844,35.93000030517578,32.34000015258789,33.33000183105469,20531200
2025-02-20,33.75,35.70899963378906,32.84000015258789,35.63999938964844,13058700
2025-02-21,31.739999771118164,35.5,31.360000610351562,34.810001373291016,15788800
2025-02-24,31.239999771118164,32.540000915527344,30.010000228881836,31.15999984741211,12451800
2025-02-25,29.729999542236328,31.110000610351562,28.1200008392334,30.8799991607666,13278400
2025-02-26,29.93000030517578,31.07200050354004,29.549999237060547,30.780000686645508,13883600
2025-02-27,24.90999984741211,28.989999771118164,24.329999923706055,28.040000915527344,34732800
2025-02-28,24.56999969482422,25.6200008392334,23.010000228881836,24.040000915527344,21996100
2025-03-03,23.110000610351562,25.579999923706055,22.649999618530273,25.31999969482422,18253700
2025-03-04,22.350000381469727,23.195999145507812,20.84000015258789,21.450000762939453,21074800
2025-03-05,22.6299991607666,23.200000762939453,21.65999984741211,22.90999984741211,16067800
2025-03-06,20.479999542236328,22.059999465942383,20.31999969482422,21.989999771118164,16639300
2025-03-07,20.549999237060547,21.290000915527344,19.915000915527344,20.510000228881836,16189200
2025-03-10,18.270000457763672,20.110000610351562,17.934999465942383,20.0,15686800
2025-03-11,18.700000762939453,19.177000045776367,17.8799991607666,18.3799991607666,17836200
2025-03-12,21.81999969482422,22.190000534057617,19.59000015258789,20.270000457763672,27255100
2025-03-13,21.3700008392334,22.56999969482422,20.56999969482422,21.700000762939453,32423200
2025-03-14,25.0,25.239999771118164,22.059999465942383,22.1299991607666,37795900
2025-03-17,24.93000030517578,25.5,24.030000686645508,24.979999542236328,30552900
2025-03-18,22.68000030517578,24.458999633789062,22.635000228881836,23.649999618530273,20876300
2025-03-19,23.299999237060547,24.118999481201172,22.18000030517578,23.59000015258789,16600500
2025-03-20,21.139999389648438,24.5,20.610000610351562,23.325000762939453,29478500
2025-03-21,22.260000228881836,22.719999313354492,20.860000610351562,20.959999084472656,21965900
2025-03-24,26.1200008392334,26.31999969482422,23.079999923706055,23.229999542236328,34724200
2025-03-25,25.549999237060547,26.190000534057617,25.040000915527344,25.770000457763672,17186900
2025-03-26,24.799999237060547,27.829999923706055,24.65999984741211,26.729999542236328,29897400
2025-03-27,23.649999618530273,25.200000762939453,23.44499969482422,24.09000015258789,14119000
2025-03-28,22.850000381469727,23.65999984741211,21.920000076293945,23.65999984741211,15453500
2025-03-31,22.06999969482422,23.097999572753906,21.5,21.670000076293945,15046800
2025-04-01,23.190000534057617,24.6200008392334,22.219999313354492,24.309999465942383,22958100
2025-04-02,25.049999237060547,25.834999084472656,22.690000534057617,23.079999923706055,25696300
2025-04-03,23.25,23.77899932861328,22.530000686645508,23.125,19912800
2025-04-04,20.68000030517578,22.8700008392334,19.3700008392334,22.600000381469727,26829500
2025-04-07,22.75,24.0,18.809999465942383,19.610000610351562,29250700
2025-04-08,21.280000686645508,24.599000930786133,20.649999618530273,24.049999237060547,26233100
2025-04-09,26.3700008392334,26.559999465942383,21.361000061035156,21.875,31936100
2025-04-10,25.889999389648438,26.614999771118164,24.450000762939453,25.329999923706055,18742100
2025-04-11,26.09000015258789,27.25,25.371000289916992,26.239999771118164,15810600
2025-04-14,25.350000381469727,28.25,24.75,27.700000762939453,19201300
2025-04-15,25.399999618530273,26.075000762939453,24.665000915527344,25.59000015258789,9735200
2025-04-16,24.56999969482422,25.360000610351562,23.801000595092773,24.450000762939453,9711300
2025-04-17,25.739999771118164,25.8700008392334,24.479999542236328,24.93000030517578,10178700
2025-04-21,24.030000686645508,25.200000762939453,23.485000610351562,25.155000686645508,11771300
2025-04-22,25.559999465942383,25.93000030517578,23.93000030517578,24.489999771118164,12158500
2025-04-23,26.799999237060547,27.84000015258789,26.270000457763672,27.09000015258789,14517900
2025-04-24,28.389999389648438,29.579999923706055,26.959999084472656,27.0,17959300
2025-04-25,28.899999618530273,31.850000381469727,27.709999084472656,28.420000076293945,27672300
2025-04-28,28.700000762939453,29.959999084472656,27.26799964904785,29.290000915527344,13570800
2025-04-29,28.09000015258789,29.139999389648438,27.687999725341797,28.899999618530273,8214700
2025-04-30,27.459999084472656,27.5,26.329999923706055,26.719999313354492,9548200
2025-05-01,27.3799991607666,28.459999084472656,27.15999984741211,28.334999084472656,9987400
2025-05-02,30.920000076293945,31.329999923706055,27.649999618530273,27.799999237060547,24011700
2025-05-05,29.81999969482422,30.829999923706055,29.610000610351562,30.1299991607666,9584900
2025-05-06,29.420000076293945,29.5,27.969999313354492,28.549999237060547,10913300
2025-05-07,29.139999389648438,29.354999542236328,28.4950008392334,29.024999618530273,8906100
2025-05-08,31.84000015258789,33.5,28.110000610351562,31.739999771118164,39187700
2025-05-09,31.270000457763672,32.63999938964844,29.93000030517578,31.43000030517578,19086400
2025-05-12,32.88999938964844,33.93000030517578,31.930999755859375,33.119998931884766,16465600
2025-05-13,33.220001220703125,34.099998474121094,32.33000183105469,32.61000061035156,13943100
2025-05-14,33.40999984741211,35.290000915527344,32.75,33.70000076293945,18701800
2025-05-15,32.540000915527344,34.39500045776367,32.22999954223633,32.93000030517578,11151400
2025-05-16,34.9900016784668,35.150001525878906,32.970001220703125,33.52000045776367,17643800
2025-05-19,35.09000015258789,35.1349983215332,32.83000183105469,33.599998474121094,13255300
2025-05-20,35.310001373291016,35.9900016784668,34.189998626708984,35.88999938964844,17686200
2025-05-21,33.540000915527344,36.61000061035156,33.33000183105469,35.08000183105469,21395200
2025-05-22,45.790000915527344,48.91999816894531,33.72999954223633,33.81999969482422,105188100
2025-05-23,45.689998626708984,47.86800003051758,41.209999084472656,41.959999084472656,53827300
2025-05-27,48.040000915527344,48.08000183105469,43.599998474121094,46.54999923706055,30147600
2025-05-28,47.560001373291016,48.939998626708984,44.650001525878906,46.0,28831300
2025-05-29,43.20000076293945,48.81999969482422,42.939998626708984,48.0,25706100
2025-05-30,40.34000015258789,41.61000061035156,39.29999923706055,40.459999084472656,27156200
2025-06-02,40.56999969482422,41.06999969482422,38.349998474121094,40.0099983215332,15261800
2025-06-03,39.810001373291016,42.38999938964844,39.52000045776367,41.7400016784668,12476200
2025-06-04,39.63999938964844,40.150001525878906,37.93000030517578,40.040000915527344,12079000
2025-06-05,36.65999984741211,39.25,35.926998138427734,39.099998474121094,17201700
2025-06-06,39.02000045776367,39.95000076293945,36.79999923706055,37.66999816894531,16146100
2025-06-09,40.060001373291016,42.54999923706055,38.849998474121094,42.53499984741211,36305100
2025-06-10,39.7400016784668,44.04999923706055,39.459999084472656,40.63999938964844,31977900
2025-06-11,39.70000076293945,43.959999084472656,38.939998626708984,41.59000015258789,53397300
2025-06-12,38.709999084472656,40.86000061035156,38.62099838256836,39.4900016784668,20079600
2025-06-13,37.84000015258789,39.83000183105469,37.439998626708984,37.59000015258789,19404600
2025-06-16,38.43000030517578,39.2599983215332,36.029998779296875,37.2400016784668,29311100
2025-06-17,38.040000915527344,38.65599822998047,36.86000061035156,37.86000061035156,18889300
2025-06-18,39.630001068115234,39.66999816894531,37.310001373291016,37.52000045776367,18288700
2025-06-20,40.36000061035156,41.439998626708984,38.91999816894531,39.61000061035156,33099000
2025-06-23,41.13999938964844,41.209999084472656,37.380001068115234,38.869998931884766,24966100
2025-06-24,40.86000061035156,42.810001373291016,40.529998779296875,41.904998779296875,19999100
2025-06-25,38.11000061035156,42.130001068115234,38.060001373291016,41.720001220703125,16075700
2025-06-26,41.119998931884766,41.70000076293945,39.0099983215332,39.56999969482422,21786400
2025-06-27,40.25,41.869998931884766,38.970001220703125,41.29999923706055,21643300
2025-06-30,42.970001220703125,44.099998474121094,41.08000183105469,41.209999084472656,29526400
2025-07-01,40.099998474121094,42.66999816894531,39.720001220703125,42.369998931884766,21237900
2025-07-02,44.75,44.91999816894531,40.470001220703125,41.189998626708984,24757100
2025-07-03,44.38999938964844,45.577999114990234,43.220001220703125,44.224998474121094,13345300
2025-07-07,45.20000076293945,47.209999084472656,42.849998474121094,46.380001068115234,33850900
2025-07-08,44.970001220703125,47.880001068115234,44.68000030517578,46.650001525878906,25675900
2025-07-09,45.560001373291016,47.25,44.47999954223633,45.72999954223633,24574200
2025-07-10,45.93000030517578,46.349998474121094,44.525001525878906,45.560001373291016,19544600
2025-07-11,41.810001373291016,45.56999969482422,41.77000045776367,45.0,23363600
2025-07-14,42.40999984741211,42.720001220703125,41.375,42.09000015258789,16527600
2025-07-15,41.470001220703125,43.13999938964844,41.08000183105469,42.54999923706055,15889200
2025-07-16,43.540000915527344,43.66999816894531,40.84000015258789,42.25,24133200
2025-07-17,44.84000015258789,44.86000061035156,43.119998931884766,43.435001373291016,20228800
2025-07-18,46.5099983215332,47.63999938964844,44.02000045776367,44.869998931884766,25760400
2025-07-21,44.43000030517578,47.724998474121094,44.41999816894531,46.810001373291016,23907000
2025-07-22,41.939998626708984,44.540000915527344,41.290000915527344,44.52000045776367,18995700
2025-07-23,43.279998779296875,43.540000915527344,41.78499984741211,42.7400016784668,14455100
2025-07-24,43.900001525878906,44.63999938964844,42.25,42.88999938964844,18006300
2025-07-25,43.16999816894531,44.25,42.939998626708984,44.2400016784668,13392000
2025-07-28,42.34000015258789,44.529998779296875,41.435001373291016,43.91999816894531,16976700
2025-07-29,40.529998779296875,44.209999084472656,40.349998474121094,43.0099983215332,21070300
2025-07-30,39.880001068115234,41.86000061035156,39.22999954223633,40.974998474121094,17861400
2025-07-31,39.869998931884766,42.275001525878906,39.619998931884766,41.119998931884766,21572700
2025-08-01,38.119998931884766,39.19300079345703,37.25,38.939998626708984,20028200
2025-08-04,39.86000061035156,40.69599914550781,38.41999816894531,38.9900016784668,16131400
2025-08-05,42.02000045776367,42.439998626708984,40.130001068115234,40.63999938964844,22060500
2025-08-06,41.22999954223633,43.599998474121094,40.779998779296875,43.599998474121094,23969600
2025-08-07,40.4900016784668,41.577999114990234,38.61000061035156,38.97999954223633,27970400
2025-08-08,41.849998474121094,42.36899948120117,40.40999984741211,40.5099983215332,20441500
2025-08-11,44.939998626708984,46.81999969482422,41.40999984741211,41.95000076293945,35598800
2025-08-12,43.0,44.970001220703125,42.630001068115234,44.650001525878906,20775300
2025-08-13,41.209999084472656,43.5,40.75,43.22999954223633,20702300
2025-08-14,41.029998779296875,41.119998931884766,39.279998779296875,40.5099983215332,16638200
2025-08-15,40.22999954223633,40.82899856567383,39.41999816894531,40.779998779296875,10334800
2025-08-18,40.22999954223633,40.5,39.0099983215332,40.0,8204300
2025-08-19,36.79999923706055,40.290000915527344,36.584999084472656,40.220001220703125,18738400
2025-08-20,36.790000915527344,37.40999984741211,34.77000045776367,37.380001068115234,16401300
2025-08-21,37.16999816894531,37.37699890136719,36.45000076293945,37.25,10121000
2025-08-22,39.779998779296875,39.91999816894531,36.650001525878906,37.099998474121094,15199400
2025-08-25,38.68000030517578,39.81999969482422,38.529998779296875,39.70000076293945,12158700
2025-08-26,40.75,40.91999816894531,38.709999084472656,38.849998474121094,13548900
2025-08-27,41.41999816894531,42.66999816894531,40.77000045776367,41.02000045776367,17335700
2025-08-28,43.29999923706055,43.72999954223633,41.45000076293945,41.54999923706055,16109100
2025-08-29,42.7400016784668,43.27000045776367,41.810001373291016,42.54999923706055,11540600
2025-09-02,42.9900016784668,43.04999923706055,40.220001220703125,41.03499984741211,13787100
2025-09-03,40.970001220703125,43.209999084472656,40.58000183105469,42.64500045776367,10369800
2025-09-04,42.11000061035156,43.029998779296875,40.790000915527344,41.22999954223633,13213900
2025-09-05,41.79999923706055,42.72999954223633,40.5099983215332,42.459999084472656,11508900
2025-09-08,41.0099983215332,42.59000015258789,40.380001068115234,42.09000015258789,10501700
2025-09-09,44.0,44.2599983215332,41.04499816894531,41.38999938964844,17694900
2025-09-10,43.86000061035156,45.18000030517578,43.560001373291016,44.310001373291016,14430000
2025-09-11,47.04999923706055,47.22999954223633,43.380001068115234,44.20000076293945,21599100
2025-09-12,55.61000061035156,56.06999969482422,47.150001525878906,47.29999923706055,68818800
2025-09-15,59.11000061035156,59.88999938964844,55.95000076293945,56.880001068115234,34677000
2025-09-16,62.2599983215332,62.849998474121094,57.13100051879883,58.97999954223633,30636600
2025-09-17,65.44000244140625,66.38999938964844,61.08000183105469,63.310001373291016,49629900
2025-09-18,66.80999755859375,70.43000030517578,65.41999816894531,68.56999969482422,45892900
2025-09-19,70.41000366210938,71.30000305175781,65.63999938964844,65.9800033569336,50959400
2025-09-22,71.94000244140625,73.16999816894531,66.1500015258789,68.11000061035156,35675500
2025-09-23,75.13999938964844,76.12899780273438,71.44999694824219,74.08000183105469,40011900
2025-09-24,73.86000061035156,75.94999694824219,71.01000213623047,75.25,33075600
2025-09-25,69.43000030517578,72.29000091552734,66.91000366210938,71.16000366210938,44799700
2025-09-26,67.27999877929688,70.41999816894531,65.33000183105469,68.41000366210938,32156900
2025-09-29,64.26000213623047,68.87999725341797,63.220001220703125,68.37999725341797,27595300
2025-09-30,61.5,65.0,60.59000015258789,63.59000015258789,22600600
2025-10-01,63.09000015258789,64.8499984741211,60.13999938964844,61.3849983215332,33912400
2025-10-02,69.5999984741211,69.5999984741211,64.41000366210938,64.80999755859375,37383600
2025-10-03,73.27999877929688,73.76000213623047,68.3499984741211,70.58999633789062,37681800
2025-10-06,78.98999786376953,79.2300033569336,71.87999725341797,72.0,36301000
2025-10-07,79.2300033569336,82.97000122070312,75.4800033569336,80.95999908447266,47589100
2025-10-08,74.30000305175781,82.41000366210938,72.5989990234375,78.94999694824219,40788200
2025-10-09,77.5,78.0,73.6500015258789,74.87000274658203,25016200
2025-10-10,70.6500015258789,77.37999725341797,70.6449966430664,77.0,41146800
2025-10-13,82.08999633789062,84.63999938964844,72.80000305175781,74.11000061035156,49458800
2025-10-14,77.55000305175781,81.08000183105469,75.91999816894531,79.8499984741211,34459600
2025-10-15,72.41000366210938,80.2300033569336,70.80000305175781,79.94000244140625,31348000
2025-10-16,65.58999633789062,73.87000274658203,65.5,73.87000274658203,35988400
2025-10-17,62.939998626708984,65.72000122070312,61.20600128173828,65.4020004272461,33423300
2025-10-20,59.939998626708984,65.5,58.689998626708984,65.30999755859375,28516100
2025-10-21,59.5,60.900001525878906,57.209999084472656,60.435001373291016,26167000
2025-10-22,55.45000076293945,59.349998474121094,52.27000045776367,58.20000076293945,39326800
2025-10-23,59.369998931884766,62.93000030517578,57.0,61.099998474121094,65822800
2025-10-24,60.29999923706055,64.11000061035156,59.91999816894531,62.0099983215332,27501700
2025-10-27,62.79999923706055,65.5,62.279998779296875,63.0,25766700
2025-10-28,57.150001525878906,64.56999969482422,57.06999969482422,62.79999923706055,35730100
2025-10-29,61.11000061035156,62.099998474121094,57.91999816894531,58.849998474121094,25520900
2025-10-30,60.16999816894531,61.84000015258789,58.20000076293945,59.38999938964844,16098700
2025-10-31,62.380001068115234,62.970001220703125,59.959999084472656,61.0,19319900
2025-11-03,58.400001525878906,62.689998626708984,56.560001373291016,62.349998474121094,23850500
2025-11-04,53.380001068115234,57.15999984741211,53.08000183105469,55.77000045776367,22044300
2025-11-05,55.40999984741211,56.40999984741211,53.099998474121094,55.0,21843100
2025-11-06,57.43000030517578,58.9900016784668,54.099998474121094,57.279998779296875,35400200
2025-11-07,59.27000045776367,59.29999923706055,51.060001373291016,54.619998931884766,32829800
2025-11-10,55.369998931884766,59.02000045776367,54.81999969482422,58.5,26986800
2025-11-11,54.41999816894531,56.029998779296875,53.720001220703125,54.56999969482422,17370000
2025-11-12,50.709999084472656,55.599998474121094,49.88999938964844,54.7599983215332,23096500
2025-11-13,45.400001525878906,49.900001525878906,44.29999923706055,49.439998626708984,37229500
2025-11-14,47.18000030517578,48.779998779296875,42.81999969482422,42.97999954223633,29451100
2025-11-17,47.790000915527344,49.25,45.939998626708984,46.72999954223633,22630800
2025-11-18,49.119998931884766,50.28499984741211,47.20000076293945,47.20000076293945,20780000
2025-11-19,47.880001068115234,50.68000030517578,47.33000183105469,49.150001525878906,19458100
2025-11-20,41.0,49.56999969482422,40.689998626708984,48.56999969482422,33669500
2025-11-21,41.709999084472656,42.7599983215332,38.0,42.560001373291016,29301400
2025-11-24,46.7599983215332,47.334999084472656,42.4900016784668,42.75,40440600
2025-11-25,47.060001373291016,47.90999984741211,44.220001220703125,46.56999969482422,18007200
2025-11-26,46.900001525878906,48.25,46.0099983215332,47.400001525878906,12482000
2025-11-28,49.29999923706055,49.849998474121094,47.56999969482422,47.70000076293945,10307400
2025-12-01,47.119998931884766,48.869998931884766,46.61199951171875,48.63999938964844,13654200
2025-12-02,46.93000030517578,49.68000030517578,46.82500076293945,47.56999969482422,12670200
2025-12-03,48.650001525878906,48.90399932861328,45.310001373291016,46.91999816894531,17183100
2025-12-04,54.7599983215332,55.31999969482422,48.310001373291016,48.66999816894531,33399900
2025-12-05,52.689998626708984,54.2599983215332,51.130001068115234,54.0,17478700
2025-12-08,54.36000061035156,54.81999969482422,51.459999084472656,53.9900016784668,16359700
2025-12-09,54.439998626708984,55.65999984741211,52.93000030517578,53.80500030517578,12985500
2025-12-10,51.66999816894531,53.608001708984375,51.25,53.20000076293945,14899800
2025-12-11,52.54999923706055,52.880001068115234,49.0620002746582,51.900001525878906,19063200
2025-12-12,50.349998474121094,53.0,49.0,52.08000183105469,14308200
2025-12-15,46.06999969482422,51.0,45.18000030517578,50.779998779296875,22526900
2025-12-16,49.66999816894531,49.900001525878906,46.900001525878906,46.939998626708984,16642300
2025-12-17,45.849998474121094,52.1510009765625,45.7599983215332,50.220001220703125,20237900
2025-12-18,46.439998626708984,48.715999603271484,46.040000915527344,48.130001068115234,16218500
2025-12-19,48.47999954223633,49.439998626708984,46.880001068115234,47.13999938964844,30432900
2025-12-22,53.86000061035156,55.599998474121094,49.66999816894531,49.880001068115234,28897200
2025-12-23,51.38999938964844,54.540000915527344,51.150001525878906,52.724998474121094,15263300
2025-12-24,49.81999969482422,51.880001068115234,48.72999954223633,51.70000076293945,10354100
2025-12-26,46.0,49.68000030517578,45.7599983215332,49.59000015258789,19679600
2025-12-29,45.25,46.7599983215332,44.65999984741211,45.459999084472656,17259800
2025-12-30,45.310001373291016,46.83000183105469,45.095001220703125,46.40999984741211,13552200
2025-12-31,44.869998931884766,46.4379997253418,44.68000030517578,45.66999816894531,11437000
2026-01-02,46.77000045776367,47.09000015258789,43.79999923706055,46.0099983215332,17122100
2026-01-05,48.709999084472656,50.31999969482422,46.52000045776367,47.650001525878906,20311300
2026-01-06,50.7599983215332,50.77000045776367,47.20000076293945,48.77000045776367,16937500
2026-01-07,49.779998779296875,51.86000061035156,49.31999969482422,50.0,14297200
2026-01-08,50.45000076293945,52.5099983215332,48.5,49.619998931884766,16618400
2026-01-09,49.45000076293945,52.61600112915039,49.28200149536133,51.45000076293945,13686000
2026-01-12,50.95000076293945,51.02000045776367,47.779998779296875,48.59000015258789,16782300
2026-01-13,48.939998626708984,51.915000915527344,47.97999954223633,51.15999984741211,14487700
2026-01-14,50.880001068115234,50.91999816894531,47.33000183105469,48.540000915527344,16602100
2026-01-15,47.560001373291016,51.58000183105469,47.540000915527344,51.279998779296875,21022800
2026-01-16,50.79999923706055,51.88999938964844,47.52000045776367,48.09000015258789,23266200
2026-01-20,50.65999984741211,54.2400016784668,48.560001373291016,49.279998779296875,24568200
2026-01-21,48.33000183105469,52.65999984741211,45.689998626708984,51.709999084472656,31821400
2026-01-22,49.33000183105469,50.18000030517578,47.939998626708984,49.13999938964844,17661900
2026-01-23,47.25,49.5099983215332,46.599998474121094,49.2400016784668,14734200
2026-01-26,43.369998931884766,50.59000015258789,42.84000015258789,48.31999969482422,39551400
2026-01-27,45.4900016784668,46.439998626708984,43.03499984741211,44.560001373291016,25181300
2026-01-28,45.79999923706055,46.900001525878906,45.0,46.224998474121094,18945000
2026-01-29,43.2400016784668,45.86000061035156,42.15999984741211,45.86000061035156,22225500
2026-01-30,39.97999954223633,43.4900016784668,38.915000915527344,43.400001525878906,23741900
2026-02-02,38.560001373291016,40.72600173950195,37.720001220703125,40.630001068115234,21598100
2026-02-03,38.470001220703125,39.81999969482422,36.630001068115234,39.61000061035156,19966100
2026-02-04,35.34000015258789,38.54999923706055,33.630001068115234,38.5,32378000
2026-02-05,30.43000030517578,34.380001068115234,29.989999771118164,33.91999816894531,33123400
2026-02-06,34.9900016784668,36.10499954223633,31.344999313354492,31.899999618530273,32508100
2026-02-09,35.47999954223633,35.63999938964844,33.65999984741211,34.67499923706055,16620800
2026-02-10,35.189998626708984,36.56999969482422,34.810001373291016,35.099998474121094,13807900
2026-02-11,33.61000061035156,36.060001373291016,33.0099983215332,36.04999923706055,16057000
2026-02-12,31.299999237060547,33.70000076293945,30.889999389648438,33.70000076293945,18115200
2026-02-13,34.11000061035156,34.650001525878906,30.850000381469727,32.314998626708984,21567100
2026-02-17,33.18000030517578,34.31800079345703,31.850000381469727,33.47999954223633,13735200
2026-02-18,33.34000015258789,34.8849983215332,32.38999938964844,33.32500076293945,13374800
2026-02-19,33.43000030517578,33.58000183105469,31.979999542236328,32.720001220703125,13722100
2026-02-20,31.899999618530273,33.880001068115234,31.3799991607666,32.66999816894531,15804300
2026-02-23,30.780000686645508,31.67300033569336,30.170000076293945,31.020000457763672,14580100
2026-02-24,31.6200008392334,31.959999084472656,30.190000534057617,31.09000015258789,15049400
2026-02-25,33.59000015258789,34.400001525878906,31.84000015258789,32.185001373291016,26860100
2026-02-26,40.880001068115234,41.900001525878906,38.75,39.04999923706055,70334600
2026-02-27,38.369998931884766,39.560001373291016,36.45100021362305,39.41999816894531,28768400
2026-03-02,38.34000015258789,38.439998626708984,36.400001525878906,36.43000030517578,16563500
2026-03-03,37.04999923706055,38.119998931884766,35.290000915527344,36.69499969482422,19852600
2026-03-04,37.130001068115234,38.2400016784668,36.540000915527344,37.68000030517578,47410200
2026-03-05,36.02000045776367,36.68000030517578,34.310001373291016,36.599998474121094,21173500
2026-03-06,35.72999954223633,37.47999954223633,35.099998474121094,35.40999984741211,18481800
2026-03-09,35.869998931884766,36.08000183105469,33.810001373291016,34.77000045776367,16385600
2026-03-10,35.119998931884766,36.91999816894531,35.029998779296875,35.95000076293945,22204000
2026-03-11,34.27000045776367,35.88999938964844,33.5,35.290000915527344,29303700
2026-03-12,33.029998779296875,34.71500015258789,33.029998779296875,33.97999954223633,22093100
2026-03-13,32.97999954223633,34.58000183105469,32.834999084472656,33.58000183105469,15353600
2026-03-16,33.290000915527344,34.40999984741211,32.38999938964844,33.52000045776367,19347200
2026-03-17,33.310001373291016,34.150001525878906,33.060001373291016,33.29999923706055,19488400
2026-03-18,32.380001068115234,34.0,32.36000061035156,33.04999923706055,16185000
2026-03-19,31.899999618530273,32.54999923706055,30.729999542236328,31.540000915527344,16994300
2026-03-20,31.200000762939453,32.25,30.5,31.799999237060547,17191400
2026-03-23,33.11000061035156,33.630001068115234,31.290000915527344,31.639999389648438,19150800
2026-03-24,32.70000076293945,33.459999084472656,31.8799991607666,32.380001068115234,13518700
2026-03-25,31.959999084472656,34.18000030517578,31.65999984741211,33.380001068115234,15634000
2026-03-26,29.84000015258789,31.610000610351562,29.709999084472656,31.395000457763672,17726800
2026-03-27,27.510000228881836,29.600000381469727,27.375,29.549999237060547,19502400
2026-03-30,26.59000015258789,28.15999984741211,25.889999389648438,27.790000915527344,18695300
2026-03-31,28.829999923706055,29.18000030517578,27.05500030517578,27.200000762939453,23148900
2026-04-01,27.790000915527344,29.90999984741211,27.56999969482422,29.639999389648438,19072900
2026-04-02,29.299999237060547,29.489999771118164,26.739999771118164,26.799999237060547,15521800
2026-04-06,29.239999771118164,30.29599952697754,28.709999084472656,29.329999923706055,11775700
2026-04-07,28.489999771118164,28.8799991607666,27.290000915527344,28.719999313354492,19722700
2026-04-08,28.989999771118164,31.100000381469727,28.510000228881836,30.65999984741211,20132500
2026-04-09,28.079999923706055,29.25,27.815000534057617,28.75,16356800
2026-04-10,28.790000915527344,29.3700008392334,28.1299991607666,28.28499984741211,13036500
2026-04-13,29.760000228881836,29.84000015258789,27.871000289916992,28.2549991607666,15259800
2026-04-14,35.7599983215332,35.875,31.059999465942383,31.780000686645508,68012600
2026-04-15,43.25,43.34000015258789,37.459999084472656,38.36000061035156,96973000
2026-04-16,44.68000030517578,45.43000030517578,40.84000015258789,44.5099983215332,79286200
2026-04-17,46.09000015258789,46.689998626708984,43.68000030517578,44.09000015258789,48967100
2026-04-20,48.31999969482422,48.564998626708984,45.119998931884766,45.34000015258789,47873500
2026-04-21,46.279998779296875,48.72999954223633,45.720001220703125,48.599998474121094,38384100
2026-04-22,47.36000061035156,49.130001068115234,46.540000915527344,47.2599983215332,34667700
2026-04-23,43.630001068115234,47.84000015258789,41.91999816894531,46.61000061035156,35984300
2026-04-24,42.689998626708984,44.38999938964844,41.2599983215332,44.380001068115234,20671100
2026-04-27,43.84000015258789,44.06999969482422,41.11000061035156,42.18000030517578,22968700
2026-04-28,43.08000183105469,44.27000045776367,42.25,42.54999923706055,21447700
2026-04-29,42.11000061035156,42.630001068115234,39.76499938964844,42.630001068115234,24594100
2026-04-30,45.119998931884766,45.47999954223633,41.4900016784668,41.935001373291016,23258800
2026-05-01,46.20000076293945,46.308998107910156,43.79999923706055,44.85499954223633,20621900
2026-05-04,45.75,49.13999938964844,45.310001373291016,46.529998779296875,26396700
2026-05-05,48.0,48.34000015258789,44.790000915527344,46.61000061035156,33457000
2026-05-06,52.56999969482422,53.48500061035156,48.56999969482422,49.099998474121094,58397500
2026-05-07,47.68000030517578,51.900001525878906,46.27000045776367,50.03499984741211,42874600
2026-05-08,49.2400016784668,49.439998626708984,45.720001220703125,48.685001373291016,25990700
2026-05-11,56.88999938964844,58.540000915527344,47.88999938964844,48.13999938964844,61486200
2026-05-12,55.869998931884766,59.150001525878906,52.16999816894531,57.25,51692800
2026-05-13,55.2599983215332,56.18000030517578,52.939998626708984,55.939998626708984,24146500
2026-05-14,57.470001220703125,58.18000030517578,53.90999984741211,54.400001525878906,26379200
2026-05-15,51.95000076293945,54.70000076293945,51.28499984741211,54.5,27273200
2026-05-18,49.310001373291016,52.20000076293945,47.47999954223633,51.810001373291016,31649800
2026-05-19,48.439998626708984,49.439998626708984,45.5099983215332,47.63999938964844,22197000
2026-05-20,52.470001220703125,52.7400016784668,48.349998474121094,49.25,22745900
2026-05-21,58.88999938964844,61.119998931884766,53.93000030517578,54.61000061035156,62941400
2026-05-22,63.63999938964844,65.80000305175781,58.0,58.0,52650100
